Timestamp,User Count,Type,Name,Requests/s,Failures/s,50%,66%,75%,80%,90%,95%,98%,99%,99.9%,99.99%,100%,Total Request Count,Total Failure Count,Total Median Response Time,Total Average Response Time,Total Min Response Time,Total Max Response Time,Total Average Content Size
1652497514,0,,Aggregated,0.000000,0.000000,N/A,N/A,N/A,N/A,N/A,N/A,N/A,N/A,N/A,N/A,N/A,0,0,0,0,0,0,0
1652497515,100,,Aggregated,0.000000,0.000000,N/A,N/A,N/A,N/A,N/A,N/A,N/A,N/A,N/A,N/A,N/A,0,0,0,0,0,0,0
1652497516,100,,Aggregated,0.000000,0.000000,1400,1400,1500,1500,1500,1500,2000,2000,2000,2000,2000,34,0,1400.0,1435.3761411764704,1285.4913000000001,1954.0089999999998,435471.0
1652497517,100,,Aggregated,0.000000,0.000000,2200,2300,2400,2700,2900,2900,2900,3000,3000,3000,3000,88,0,2200.0,2065.1669590909105,1285.4913000000001,2967.8689,435471.0
1652497518,100,,Aggregated,16.500000,0.000000,2200,2400,2700,2900,3000,3100,3100,3100,3200,3200,3200,120,0,2200.0,2192.2986850000016,1285.4913000000001,3160.2708,435471.0
1652497519,100,,Aggregated,16.500000,0.000000,2200,2400,2700,2800,3000,3100,3100,3100,3200,3200,3200,126,0,2200.0,2217.1351523809535,1285.4913000000001,3160.2708,435471.0
1652497520,100,,Aggregated,29.500000,0.000000,2400,2900,3000,3100,3400,3700,3800,4400,4600,4600,4600,177,0,2400.0,2491.753764406782,1285.4913000000001,4554.583300000001,435471.0
1652497521,100,,Aggregated,29.500000,0.000000,2700,3000,3100,3300,3800,4000,4400,4800,5100,5100,5100,241,0,2700.0,2601.638388796683,817.704,5119.5413,435471.0
1652497522,100,,Aggregated,25.200000,0.000000,2700,3000,3100,3300,3800,4000,4400,4800,5100,5100,5100,242,0,2700.0,2599.018552066118,817.704,5119.5413,435471.0
1652497523,100,,Aggregated,34.428571,0.000000,2900,3100,3300,3400,3700,3900,4200,4600,5100,5100,5100,320,0,2900.0,2744.833157812502,817.704,5119.5413,435471.0
1652497524,100,,Aggregated,34.428571,0.000000,2900,3200,3300,3500,3700,3900,4200,4600,5100,5100,5100,342,0,2900.0,2791.4759695906446,817.704,5119.5413,435471.0
1652497525,100,,Aggregated,26.888889,0.000000,2900,3100,3300,3400,3700,3900,4200,4600,5100,5100,5100,375,0,2900.0,2713.153689866667,817.704,5119.5413,435471.0
1652497526,100,,Aggregated,34.200000,0.000000,2600,3000,3200,3300,3600,3800,4100,4400,5100,5100,5100,475,0,2600.0,2550.422005894738,634.2529999999992,5119.5413,435471.0
1652497527,100,,Aggregated,34.200000,0.000000,2600,3000,3200,3300,3600,3800,4100,4400,5100,5100,5100,475,0,2600.0,2550.422005894738,634.2529999999992,5119.5413,435471.0
1652497528,100,,Aggregated,34.200000,0.000000,2600,3000,3200,3300,3600,3800,4100,4400,5100,5100,5100,475,0,2600.0,2550.422005894738,634.2529999999992,5119.5413,435471.0
1652497530,100,,Aggregated,35.700000,0.000000,2800,3200,3400,3500,3900,3900,4000,4300,5100,5100,5100,559,0,2800.0,2710.6062135957077,634.2529999999992,5119.5413,435471.0
1652497531,100,,Aggregated,35.700000,0.000000,2900,3200,3500,3500,3900,3900,4100,4300,5100,5100,5100,575,0,2900.0,2742.4786342608704,634.2529999999992,5119.5413,435471.0
1652497532,100,,Aggregated,35.700000,0.000000,2800,3200,3400,3500,3900,3900,4100,4300,5100,5100,5100,591,0,2800.0,2721.2357428088003,634.2529999999992,5119.5413,435471.0
1652497533,100,,Aggregated,33.400000,0.000000,2700,3100,3400,3500,3800,3900,4100,4200,5100,5100,5100,680,0,2700.0,2700.7576298529425,634.2529999999992,5119.5413,435471.0
1652497534,100,,Aggregated,33.800000,0.000000,2700,3100,3300,3500,3800,3900,4000,4200,5100,5100,5100,724,0,2700.0,2621.54725966851,634.2529999999992,5119.5413,435471.0
1652497535,100,,Aggregated,43.500000,0.000000,2500,3000,3200,3400,3700,3900,4000,4200,5100,5100,5100,795,0,2500.0,2553.561829559749,634.2529999999992,5119.5413,435471.0
1652497536,100,,Aggregated,35.700000,0.000000,2400,2900,3200,3400,3700,3900,4000,4200,5100,5100,5100,858,0,2400.0,2479.4921962703957,634.2529999999992,5119.5413,435471.0
1652497537,100,,Aggregated,42.300000,0.000000,2400,2900,3200,3300,3700,3900,4000,4200,5100,5100,5100,866,0,2400.0,2472.842337413394,634.2529999999992,5119.5413,435471.0
1652497538,100,,Aggregated,45.300000,0.000000,2400,2900,3200,3300,3700,3900,4000,4100,5100,5100,5100,909,0,2400.0,2478.3924750275014,634.2529999999992,5119.5413,435471.0
1652497539,100,,Aggregated,45.300000,0.000000,2400,2900,3200,3300,3600,3900,4000,4100,5100,5100,5100,971,0,2400.0,2487.277255097836,634.2529999999992,5119.5413,435471.0
1652497540,100,,Aggregated,39.600000,0.000000,2400,2900,3100,3300,3600,3900,4000,4100,5000,5100,5100,1040,0,2400.0,2444.1635380769235,634.2529999999992,5119.5413,435471.0
1652497541,100,,Aggregated,49.600000,0.000000,2400,2800,3100,3200,3600,3900,4000,4100,5000,5100,5100,1103,0,2400.0,2414.4313920217573,634.2529999999992,5119.5413,435471.0
1652497542,100,,Aggregated,47.700000,0.000000,2400,2700,3100,3200,3600,3900,4000,4100,5000,5100,5100,1140,0,2400.0,2384.621025175438,634.2529999999992,5119.5413,435471.0
1652497543,100,,Aggregated,46.500000,0.000000,2400,2700,3000,3200,3500,3900,3900,4100,5000,5100,5100,1155,0,2400.0,2384.414918701298,634.2529999999992,5119.5413,435471.0
1652497544,100,,Aggregated,53.500000,0.000000,2400,2800,3100,3200,3500,3900,3900,4100,5000,5100,5100,1255,0,2400.0,2399.3773892430277,634.2529999999992,5119.5413,435471.0
1652497545,100,,Aggregated,53.500000,0.000000,2400,2800,3100,3200,3500,3900,3900,4100,5000,5100,5100,1255,0,2400.0,2399.3773892430277,634.2529999999992,5119.5413,435471.0
1652497547,100,,Aggregated,49.000000,0.000000,2400,2700,3000,3200,3500,3900,3900,4100,5000,5100,5100,1311,0,2400.0,2400.202833180776,634.2529999999992,5119.5413,435471.0
1652497548,100,,Aggregated,49.000000,0.000000,2400,2700,3000,3200,3500,3800,3900,4100,5000,5100,5100,1359,0,2400.0,2405.5679158204534,634.2529999999992,5119.5413,435471.0
1652497549,100,,Aggregated,39.500000,0.000000,2400,2700,3000,3200,3500,3800,3900,4100,5000,5100,5100,1372,0,2400.0,2401.4117121720087,634.2529999999992,5119.5413,435471.0
1652497550,100,,Aggregated,48.800000,0.000000,2400,2700,2900,3100,3500,3800,3900,4000,5000,5100,5100,1469,0,2400.0,2401.846690673926,634.2529999999992,5119.5413,435471.0
1652497551,100,,Aggregated,48.800000,0.000000,2400,2700,2900,3100,3500,3800,3900,4000,5000,5100,5100,1509,0,2400.0,2365.5854632869427,634.2529999999992,5119.5413,435471.0
1652497552,100,,Aggregated,48.500000,0.000000,2400,2700,2900,3100,3500,3700,3900,4000,5000,5100,5100,1560,0,2400.0,2351.0434536538437,634.2529999999992,5119.5413,435471.0
1652497553,100,,Aggregated,46.900000,0.000000,2400,2700,2900,3100,3500,3700,3900,4000,5000,5100,5100,1614,0,2400.0,2354.6471820322167,634.2529999999992,5119.5413,435471.0
1652497554,100,,Aggregated,39.800000,0.000000,2400,2700,2900,3000,3400,3700,3900,4000,5000,5100,5100,1691,0,2400.0,2332.155154169129,634.2529999999992,5119.5413,435471.0
1652497555,100,,Aggregated,47.300000,0.000000,2300,2700,2800,3000,3400,3700,3900,4000,5000,5100,5100,1723,0,2300.0,2323.2731453859537,634.2529999999992,5119.5413,435471.0
1652497557,100,,Aggregated,46.500000,0.000000,2300,2600,2800,2900,3400,3700,3900,4000,5000,5100,5100,1819,0,2300.0,2302.0669228147317,634.2529999999992,5119.5413,435471.0
1652497558,100,,Aggregated,47.100000,0.000000,2300,2600,2800,2900,3400,3700,3900,4000,5000,5100,5100,1865,0,2300.0,2280.3758490080427,634.2529999999992,5119.5413,435471.0
1652497559,100,,Aggregated,55.900000,0.000000,2300,2600,2800,2900,3400,3700,3900,4000,5000,5100,5100,1905,0,2300.0,2269.1971278740157,634.2529999999992,5119.5413,435471.0
1652497560,100,,Aggregated,55.900000,0.000000,2300,2600,2800,2900,3400,3600,3900,4000,5000,5100,5100,1961,0,2300.0,2263.6015704742476,634.2529999999992,5119.5413,435471.0
1652497561,100,,Aggregated,54.200000,0.000000,2300,2600,2800,2900,3400,3600,3900,4000,4800,5100,5100,2001,0,2300.0,2259.2132934032984,634.2529999999992,5119.5413,435471.0
1652497562,100,,Aggregated,50.000000,0.000000,2300,2600,2800,2900,3300,3600,3900,4000,4800,5100,5100,2050,0,2300.0,2256.290063853658,634.2529999999992,5119.5413,435471.0
1652497563,100,,Aggregated,48.900000,0.000000,2200,2500,2800,2900,3300,3600,3900,4000,4800,5100,5100,2135,0,2200.0,2240.7996810772825,634.2529999999992,5119.5413,435471.0
1652497564,100,,Aggregated,52.200000,0.000000,2200,2500,2800,2900,3300,3600,3900,4000,4800,5100,5100,2163,0,2200.0,2233.5069849283395,634.2529999999992,5119.5413,435471.0
1652497565,100,,Aggregated,52.000000,0.000000,2200,2500,2700,2800,3300,3600,3900,4000,4800,5100,5100,2241,0,2200.0,2227.7561773315465,634.2529999999992,5119.5413,435471.0
1652497566,100,,Aggregated,52.100000,0.000000,2200,2500,2700,2800,3300,3600,3900,4000,4800,5100,5100,2280,0,2200.0,2218.313225175437,634.2529999999992,5119.5413,435471.0
1652497567,100,,Aggregated,52.700000,0.000000,2200,2500,2700,2800,3300,3600,3900,3900,4800,5100,5100,2356,0,2200.0,2207.973222623087,634.2529999999992,5119.5413,435471.0
1652497568,100,,Aggregated,51.700000,0.000000,2100,2500,2700,2800,3300,3600,3900,3900,4800,5100,5100,2397,0,2100.0,2195.4663788068383,634.2529999999992,5119.5413,435471.0
1652497569,100,,Aggregated,51.900000,0.000000,2100,2400,2700,2800,3200,3500,3900,3900,4800,5100,5100,2483,0,2100.0,2182.788015384614,634.2529999999992,5119.5413,435471.0
1652497570,100,,Aggregated,50.400000,0.000000,2100,2400,2700,2800,3200,3500,3900,3900,4800,5100,5100,2514,0,2100.0,2172.185728122512,634.2529999999992,5119.5413,435471.0
1652497571,100,,Aggregated,50.800000,0.000000,2100,2400,2700,2800,3200,3500,3900,3900,4800,5100,5100,2592,0,2100.0,2171.6572368827124,634.2529999999992,5119.5413,435471.0
1652497572,100,,Aggregated,55.000000,0.000000,2100,2400,2700,2800,3200,3500,3900,3900,4800,5100,5100,2629,0,2100.0,2168.8894984404683,634.2529999999992,5119.5413,435471.0
1652497573,100,,Aggregated,52.000000,0.000000,2100,2400,2600,2800,3200,3500,3900,3900,4800,5100,5100,2698,0,2100.0,2158.423020126016,634.2529999999992,5119.5413,435471.0
1652497574,100,,Aggregated,57.800000,0.000000,2100,2400,2600,2800,3200,3500,3900,3900,4800,5100,5100,2750,0,2100.0,2151.240587636361,634.2529999999992,5119.5413,435471.0
1652497576,100,,Aggregated,49.600000,0.000000,2100,2400,2600,2800,3200,3500,3900,3900,4800,5100,5100,2797,0,2100.0,2144.49378044333,634.2529999999992,5119.5413,435471.0
1652497577,100,,Aggregated,51.000000,0.000000,2100,2400,2600,2700,3200,3500,3900,3900,4800,5100,5100,2858,0,2100.0,2142.60874349195,634.2529999999992,5119.5413,435471.0
1652497578,100,,Aggregated,55.400000,0.000000,2100,2400,2600,2700,3200,3500,3900,3900,4800,5100,5100,2889,0,2100.0,2139.737876012459,634.2529999999992,5119.5413,435471.0
1652497579,100,,Aggregated,55.400000,0.000000,2100,2400,2600,2700,3100,3500,3900,3900,4800,5100,5100,2972,0,2100.0,2138.644727960967,634.2529999999992,5119.5413,435471.0
1652497580,100,,Aggregated,51.600000,0.000000,2100,2400,2600,2700,3100,3500,3900,3900,4600,5100,5100,3003,0,2100.0,2130.882785081582,634.2529999999992,5119.5413,435471.0
1652497581,100,,Aggregated,56.000000,0.000000,2100,2400,2600,2700,3100,3500,3900,3900,4600,5100,5100,3099,0,2100.0,2125.226416263308,634.2529999999992,5119.5413,435471.0
1652497582,100,,Aggregated,48.800000,0.000000,2100,2400,2600,2700,3100,3500,3900,3900,4600,5100,5100,3130,0,2100.0,2115.950009999997,634.2529999999992,5119.5413,435471.0
1652497583,100,,Aggregated,56.800000,0.000000,2100,2400,2600,2700,3100,3500,3900,3900,4600,5100,5100,3172,0,2100.0,2110.063804602771,634.2529999999992,5119.5413,435471.0
1652497584,100,,Aggregated,51.400000,0.000000,2100,2400,2600,2700,3100,3500,3900,3900,4600,5100,5100,3210,0,2100.0,2110.2168995327074,634.2529999999992,5119.5413,435471.0
1652497585,100,,Aggregated,54.000000,0.000000,2100,2400,2600,2700,3100,3500,3900,3900,4600,5100,5100,3284,0,2100.0,2113.783250091349,634.2529999999992,5119.5413,435471.0
1652497586,100,,Aggregated,50.500000,0.000000,2000,2400,2500,2700,3100,3500,3800,3900,4600,5100,5100,3330,0,2000.0,2107.5117319519486,634.2529999999992,5119.5413,435471.0
1652497587,100,,Aggregated,52.800000,0.000000,2000,2400,2500,2700,3100,3500,3800,3900,4600,5100,5100,3368,0,2000.0,2107.253577345602,634.2529999999992,5119.5413,435471.0
1652497588,100,,Aggregated,52.300000,0.000000,2000,2400,2500,2700,3100,3500,3800,3900,4600,5100,5100,3442,0,2000.0,2104.7887521789617,634.2529999999992,5119.5413,435471.0
1652497589,100,,Aggregated,49.900000,0.000000,2000,2400,2500,2700,3100,3500,3800,3900,4600,5100,5100,3473,0,2000.0,2102.308679153465,634.2529999999992,5119.5413,435471.0
1652497590,100,,Aggregated,54.900000,0.000000,2000,2400,2500,2700,3100,3400,3800,3900,4600,5100,5100,3552,0,2000.0,2102.9662862331043,634.2529999999992,5119.5413,435471.0
1652497591,100,,Aggregated,48.900000,0.000000,2000,2400,2500,2700,3000,3400,3800,3900,4600,5100,5100,3590,0,2000.0,2097.200395710303,634.2529999999992,5119.5413,435471.0
1652497592,100,,Aggregated,53.200000,0.000000,2000,2300,2500,2700,3000,3400,3800,3900,4600,5100,5100,3666,0,2000.0,2092.8550268412405,634.2529999999992,5119.5413,435471.0
1652497593,100,,Aggregated,49.000000,0.000000,2000,2300,2500,2700,3000,3400,3800,3900,4600,5100,5100,3711,0,2000.0,2085.590052142276,634.2529999999992,5119.5413,435471.0
1652497594,100,,Aggregated,48.400000,0.000000,2000,2300,2500,2600,3000,3400,3800,3900,4600,5100,5100,3743,0,2000.0,2084.5009703980727,634.2529999999992,5119.5413,435471.0
1652497595,100,,Aggregated,53.900000,0.000000,2000,2300,2500,2700,3000,3400,3800,3900,4600,5100,5100,3820,0,2000.0,2088.052936570677,634.2529999999992,5119.5413,435471.0
1652497596,100,,Aggregated,51.100000,0.000000,2000,2300,2500,2700,3000,3400,3700,3900,4600,5100,5100,3869,0,2000.0,2079.9062602481226,634.2529999999992,5119.5413,435471.0
1652497597,100,,Aggregated,52.900000,0.000000,2000,2300,2500,2600,3000,3400,3700,3900,4600,5100,5100,3912,0,2000.0,2077.343129396724,634.2529999999992,5119.5413,435471.0
1652497598,100,,Aggregated,52.100000,0.000000,2000,2300,2500,2600,3000,3400,3700,3900,4600,5100,5100,3978,0,2000.0,2076.0285162393116,634.2529999999992,5119.5413,435471.0
1652497599,100,,Aggregated,53.500000,0.000000,2000,2300,2500,2600,3000,3400,3700,3900,4400,5100,5100,4041,0,2000.0,2071.4473446176644,634.2529999999992,5119.5413,435471.0
1652497600,100,,Aggregated,51.100000,0.000000,2000,2300,2500,2600,3000,3400,3700,3900,4400,5100,5100,4081,0,2000.0,2070.0072710855134,634.2529999999992,5119.5413,435471.0
1652497601,100,,Aggregated,54.500000,0.000000,2000,2300,2500,2600,3000,3400,3700,3900,4400,5100,5100,4120,0,2000.0,2070.3560378640727,634.2529999999992,5119.5413,435471.0
1652497602,100,,Aggregated,52.000000,0.000000,2000,2300,2500,2600,3000,3400,3700,3900,4400,5100,5100,4176,0,2000.0,2071.0845246647464,634.2529999999992,5119.5413,435471.0
1652497603,100,,Aggregated,51.700000,0.000000,2000,2300,2500,2600,3000,3400,3700,3900,4400,5100,5100,4243,0,2000.0,2069.8624980202644,634.2529999999992,5119.5413,435471.0
1652497604,100,,Aggregated,52.700000,0.000000,2000,2300,2500,2600,3000,3400,3700,3900,4400,5100,5100,4290,0,2000.0,2065.652502097898,634.2529999999992,5119.5413,435471.0
1652497605,100,,Aggregated,47.800000,0.000000,2000,2300,2500,2600,3000,3400,3700,3900,4400,5100,5100,4325,0,2000.0,2063.448481595371,634.2529999999992,5119.5413,435471.0
1652497606,100,,Aggregated,54.500000,0.000000,2000,2300,2500,2600,3000,3300,3700,3900,4400,5100,5100,4396,0,2000.0,2067.4711596906227,634.2529999999992,5119.5413,435471.0
1652497607,100,,Aggregated,49.100000,0.000000,2000,2300,2500,2600,3000,3300,3700,3900,4400,5100,5100,4438,0,2000.0,2063.2607201216715,634.2529999999992,5119.5413,435471.0
1652497608,100,,Aggregated,49.500000,0.000000,2000,2300,2500,2600,2900,3300,3700,3900,4400,5100,5100,4482,0,2000.0,2059.7667062025826,634.2529999999992,5119.5413,435471.0
1652497609,100,,Aggregated,52.100000,0.000000,2000,2300,2500,2600,3000,3400,3700,3900,4400,5100,5100,4547,0,2000.0,2062.6337034748126,634.2529999999992,5119.5413,435471.0
1652497610,100,,Aggregated,49.900000,0.000000,2000,2300,2500,2600,3000,3300,3700,3900,4400,5100,5100,4601,0,2000.0,2060.7442988046014,634.2529999999992,5119.5413,435471.0
1652497611,100,,Aggregated,49.400000,0.000000,2000,2300,2500,2600,3000,3300,3700,3900,4400,5100,5100,4648,0,2000.0,2058.1926563252955,634.2529999999992,5119.5413,435471.0
1652497612,100,,Aggregated,50.300000,0.000000,2000,2300,2500,2600,2900,3300,3700,3900,4400,5100,5100,4686,0,2000.0,2058.229317541608,634.2529999999992,5119.5413,435471.0
1652497613,100,,Aggregated,51.000000,0.000000,2000,2300,2500,2600,3000,3300,3700,3900,4400,5100,5100,4762,0,2000.0,2060.5556508399777,634.2529999999992,5119.5413,435471.0
1652497614,100,,Aggregated,51.700000,0.000000,2000,2300,2500,2600,2900,3300,3700,3900,4400,5100,5100,4809,0,2000.0,2056.1256947806155,634.2529999999992,5119.5413,435471.0
1652497616,100,,Aggregated,50.600000,0.000000,2000,2300,2500,2600,2900,3300,3700,3900,4400,5100,5100,4869,0,2000.0,2052.5968011295927,634.2529999999992,5119.5413,435471.0
1652497617,100,,Aggregated,51.200000,0.000000,2000,2300,2500,2600,2900,3300,3700,3900,4400,5100,5100,4917,0,2000.0,2053.900194142766,634.2529999999992,5119.5413,435471.0
1652497618,100,,Aggregated,52.400000,0.000000,2000,2300,2500,2600,2900,3300,3700,3900,4400,5100,5100,4970,0,2000.0,2051.6790074849046,634.2529999999992,5119.5413,435471.0
1652497619,100,,Aggregated,50.500000,0.000000,2000,2300,2500,2600,2900,3300,3700,3900,4300,5100,5100,5010,0,2000.0,2050.6437689021905,634.2529999999992,5119.5413,435471.0
1652497620,100,,Aggregated,52.100000,0.000000,2000,2300,2500,2600,2900,3300,3700,3900,4300,5100,5100,5075,0,2000.0,2053.252595960586,634.2529999999992,5119.5413,435471.0
1652497621,100,,Aggregated,50.700000,0.000000,2000,2300,2500,2600,2900,3300,3700,3900,4300,5100,5100,5126,0,2000.0,2050.3021145337448,634.2529999999992,5119.5413,435471.0
1652497622,100,,Aggregated,51.200000,0.000000,2000,2300,2500,2600,2900,3300,3700,3900,4300,5100,5100,5178,0,2000.0,2046.956019872533,634.2529999999992,5119.5413,435471.0
1652497623,100,,Aggregated,51.500000,0.000000,2000,2300,2500,2600,2900,3300,3700,3900,4300,5100,5100,5226,0,2000.0,2045.880725908912,634.2529999999992,5119.5413,435471.0
1652497624,100,,Aggregated,51.000000,0.000000,2000,2300,2500,2600,2900,3300,3700,3900,4300,5100,5100,5270,0,2000.0,2047.270577153695,634.2529999999992,5119.5413,435471.0
1652497625,100,,Aggregated,53.400000,0.000000,2000,2300,2500,2600,2900,3300,3700,3900,4300,5100,5100,5332,0,2000.0,2049.2507160352516,634.2529999999992,5119.5413,435471.0
1652497626,100,,Aggregated,47.500000,0.000000,2000,2300,2400,2600,2900,3300,3700,3900,4300,5100,5100,5380,0,2000.0,2047.9229143494351,634.2529999999992,5119.5413,435471.0
1652497627,100,,Aggregated,50.900000,0.000000,2000,2300,2400,2600,2900,3300,3600,3900,4300,5100,5100,5450,0,2000.0,2046.625905357792,634.2529999999992,5119.5413,435471.0
1652497628,100,,Aggregated,48.800000,0.000000,2000,2300,2400,2600,2900,3300,3600,3900,4300,5100,5100,5481,0,2000.0,2043.1926612296963,634.2529999999992,5119.5413,435471.0
1652497629,100,,Aggregated,51.800000,0.000000,2000,2300,2400,2600,2900,3300,3600,3900,4300,5100,5100,5556,0,2000.0,2044.738418592506,634.2529999999992,5119.5413,435471.0
1652497630,100,,Aggregated,50.100000,0.000000,2000,2300,2400,2600,2900,3300,3600,3900,4300,5100,5100,5603,0,2000.0,2041.2196855256043,634.2529999999992,5119.5413,435471.0
1652497631,100,,Aggregated,50.000000,0.000000,2000,2300,2400,2600,2900,3300,3600,3900,4300,5100,5100,5635,0,2000.0,2040.0482084649436,634.2529999999992,5119.5413,435471.0
1652497632,100,,Aggregated,51.100000,0.000000,2000,2300,2400,2600,2900,3300,3600,3900,4300,5100,5100,5702,0,2000.0,2041.4979786215283,634.2529999999992,5119.5413,435471.0
1652497633,100,,Aggregated,49.900000,0.000000,2000,2300,2400,2600,2900,3300,3600,3900,4300,5100,5100,5765,0,2000.0,2038.9761125411883,634.2529999999992,5119.5413,435471.0
1652497634,100,,Aggregated,51.500000,0.000000,2000,2200,2400,2600,2900,3300,3600,3900,4300,5100,5100,5807,0,2000.0,2037.5817814534096,634.2529999999992,5119.5413,435471.0
1652497635,100,,Aggregated,51.300000,0.000000,2000,2200,2400,2600,2900,3300,3600,3900,4300,5100,5100,5841,0,2000.0,2038.624823283676,634.2529999999992,5119.5413,435471.0
1652497636,100,,Aggregated,53.900000,0.000000,2000,2200,2400,2600,2900,3300,3600,3900,4300,5100,5100,5902,0,2000.0,2041.8491317180549,634.2529999999992,5119.5413,435471.0
1652497637,100,,Aggregated,49.900000,0.000000,2000,2200,2400,2600,2900,3300,3600,3900,4300,5100,5100,5944,0,2000.0,2041.5323631729411,634.2529999999992,5119.5413,435471.0
1652497638,100,,Aggregated,51.300000,0.000000,2000,2200,2400,2600,2900,3300,3600,3900,4300,5100,5100,5992,0,2000.0,2041.0676151535315,634.2529999999992,5119.5413,435471.0
1652497639,100,,Aggregated,48.800000,0.000000,2000,2200,2400,2600,2900,3300,3600,3900,4200,5100,5100,6054,0,2000.0,2039.9514647505716,634.2529999999992,5119.5413,435471.0
1652497640,100,,Aggregated,49.900000,0.000000,2000,2200,2400,2600,2900,3200,3600,3900,4200,5100,5100,6113,0,2000.0,2038.1009604285887,634.2529999999992,5119.5413,435471.0
1652497641,100,,Aggregated,51.600000,0.000000,2000,2200,2400,2600,2900,3200,3600,3900,4200,5100,5100,6154,0,2000.0,2037.1028779980438,634.2529999999992,5119.5413,435471.0
1652497642,100,,Aggregated,48.800000,0.000000,2000,2200,2400,2500,2900,3200,3600,3900,4200,5100,5100,6197,0,2000.0,2036.951879457795,634.2529999999992,5119.5413,435471.0
1652497643,100,,Aggregated,50.400000,0.000000,2000,2200,2400,2600,2900,3200,3600,3900,4200,5100,5100,6254,0,2000.0,2037.9990119603387,634.2529999999992,5119.5413,435471.0
1652497644,100,,Aggregated,49.400000,0.000000,2000,2200,2400,2600,2900,3200,3600,3900,4200,5100,5100,6307,0,2000.0,2038.9028960361434,634.2529999999992,5119.5413,435471.0
1652497645,100,,Aggregated,47.900000,0.000000,2000,2200,2400,2500,2900,3200,3600,3900,4200,5100,5100,6341,0,2000.0,2038.8450462229866,634.2529999999992,5119.5413,435471.0
1652497646,100,,Aggregated,49.200000,0.000000,2000,2200,2400,2500,2900,3200,3600,3900,4200,5100,5100,6383,0,2000.0,2041.0890274635678,634.2529999999992,5119.5413,435471.0
1652497647,100,,Aggregated,49.500000,0.000000,2000,2300,2400,2600,2900,3200,3600,3900,4200,5100,5100,6413,0,2000.0,2044.54499638234,634.2529999999992,5119.5413,435471.0
1652497648,100,,Aggregated,49.600000,0.000000,2000,2300,2400,2600,2900,3200,3600,3900,4200,5100,5100,6456,0,2000.0,2047.2754902261381,634.2529999999992,5119.5413,435471.0
1652497649,100,,Aggregated,46.500000,0.000000,2000,2300,2400,2600,2900,3300,3600,3900,4300,5100,5100,6493,0,2000.0,2052.8162486831893,634.2529999999992,5119.5413,435471.0
1652497650,100,,Aggregated,45.600000,0.000000,2000,2300,2500,2600,2900,3300,3600,3900,4300,5100,5100,6518,0,2000.0,2055.1444914851104,634.2529999999992,5119.5413,435471.0
1652497651,100,,Aggregated,44.300000,0.000000,2000,2300,2500,2600,2900,3300,3600,3900,4300,5100,5100,6586,0,2000.0,2060.8573348921886,634.2529999999992,5119.5413,435471.0
1652497652,100,,Aggregated,43.300000,0.000000,2000,2300,2500,2600,2900,3300,3600,3900,4300,5100,5100,6625,0,2000.0,2060.6878041207483,634.2529999999992,5119.5413,435471.0
1652497653,100,,Aggregated,40.800000,0.000000,2000,2300,2500,2600,2900,3300,3600,3900,4300,5100,5100,6677,0,2000.0,2058.6039016773925,634.2529999999992,5119.5413,435471.0
1652497654,100,,Aggregated,42.600000,0.000000,2000,2300,2500,2600,2900,3200,3600,3900,4300,5100,5100,6752,0,2000.0,2057.6084432020066,634.2529999999992,5119.5413,435471.0
1652497655,100,,Aggregated,42.300000,0.000000,2000,2300,2500,2600,2900,3200,3600,3900,4300,5100,5100,6795,0,2000.0,2054.4220687711486,634.2529999999992,5119.5413,435471.0
1652497656,100,,Aggregated,40.300000,0.000000,2000,2300,2500,2600,2900,3200,3600,3900,4300,5100,5100,6886,0,2000.0,2051.7015823845413,634.2529999999992,5119.5413,435471.0
1652497658,100,,Aggregated,44.000000,0.000000,2000,2300,2500,2600,2900,3200,3600,3900,4300,5100,5100,6907,0,2000.0,2049.9058014188436,634.2529999999992,5119.5413,435471.0
1652497659,100,,Aggregated,50.000000,0.000000,2000,2300,2400,2600,2900,3200,3600,3900,4300,5100,5100,6984,0,2000.0,2049.489223210188,634.2529999999992,5119.5413,435471.0
1652497660,100,,Aggregated,48.700000,0.000000,2000,2300,2400,2600,2900,3200,3600,3900,4200,5100,5100,7003,0,2000.0,2049.594135156355,634.2529999999992,5119.5413,435471.0
1652497661,100,,Aggregated,48.700000,0.000000,2000,2300,2400,2600,2900,3200,3600,3900,4200,5100,5100,7056,0,2000.0,2049.37279238945,634.2529999999992,5119.5413,435471.0
1652497662,100,,Aggregated,50.300000,0.000000,2000,2300,2500,2600,2900,3200,3600,3900,4200,5100,5100,7102,0,2000.0,2053.544106702333,634.2529999999992,5119.5413,435471.0
1652497663,100,,Aggregated,50.300000,0.000000,2000,2300,2400,2600,2900,3200,3600,3900,4200,5100,5100,7152,0,2000.0,2054.1019208333296,634.2529999999992,5119.5413,435471.0
1652497664,100,,Aggregated,52.700000,0.000000,2000,2300,2400,2600,2900,3200,3600,3900,4200,5100,5100,7166,0,2000.0,2054.142989310629,634.2529999999992,5119.5413,435471.0
1652497665,100,,Aggregated,51.700000,0.000000,2000,2300,2500,2600,2900,3200,3600,3900,4200,5100,5100,7191,0,2000.0,2056.928215755802,634.2529999999992,5119.5413,435471.0
1652497666,100,,Aggregated,48.900000,0.000000,2000,2300,2500,2600,2900,3300,3600,3900,4300,6100,6100,7247,0,2000.0,2065.822276473018,634.2529999999992,6113.7157999999945,435471.0
1652497667,100,,Aggregated,43.500000,0.000000,2000,2300,2500,2600,2900,3300,3600,3900,4500,6100,6100,7284,0,2000.0,2070.4443964991706,634.2529999999992,6113.7157999999945,435471.0
1652497668,100,,Aggregated,43.200000,0.000000,2000,2300,2500,2600,2900,3300,3600,3900,4500,6100,6100,7337,0,2000.0,2069.845054395524,634.2529999999992,6113.7157999999945,435471.0
1652497669,100,,Aggregated,38.900000,0.000000,2000,2300,2500,2600,2900,3300,3600,3900,4500,6100,6100,7381,0,2000.0,2068.9243666305338,634.2529999999992,6113.7157999999945,435471.0
1652497670,100,,Aggregated,42.400000,0.000000,2000,2300,2500,2600,2900,3300,3600,3900,4500,6100,6100,7433,0,2000.0,2069.87309959639,634.2529999999992,6113.7157999999945,435471.0
1652497671,100,,Aggregated,38.900000,0.000000,2000,2300,2500,2600,2900,3300,3600,3900,4500,6100,6100,7461,0,2000.0,2071.2487030692896,634.2529999999992,6113.7157999999945,435471.0
1652497672,100,,Aggregated,42.500000,0.000000,2000,2300,2500,2600,2900,3300,3600,3900,4500,6100,6100,7535,0,2000.0,2073.4437091838035,634.2529999999992,6113.7157999999945,435471.0
1652497673,100,,Aggregated,40.200000,0.000000,2000,2300,2500,2600,2900,3300,3600,3900,4500,6100,6100,7576,0,2000.0,2073.7156147835212,634.2529999999992,6113.7157999999945,435471.0
1652497674,100,,Aggregated,42.000000,0.000000,2000,2300,2500,2600,2900,3300,3600,3900,4500,6100,6100,7593,0,2000.0,2073.4675830370024,634.2529999999992,6113.7157999999945,435471.0
1652497675,100,,Aggregated,41.300000,0.000000,2000,2300,2500,2600,2900,3300,3600,3900,4500,6100,6100,7649,0,2000.0,2076.9092249444316,634.2529999999992,6113.7157999999945,435471.0
1652497676,100,,Aggregated,42.100000,0.000000,2000,2300,2500,2600,2900,3300,3600,3900,4500,6100,6100,7691,0,2000.0,2080.8934155246334,634.2529999999992,6113.7157999999945,435471.0
1652497677,100,,Aggregated,43.000000,0.000000,2000,2300,2500,2600,2900,3300,3600,3900,4500,6100,6100,7711,0,2000.0,2081.882212657237,634.2529999999992,6113.7157999999945,435471.0
1652497678,100,,Aggregated,45.200000,0.000000,2000,2300,2500,2600,3000,3300,3600,3900,4500,6100,6100,7777,0,2000.0,2086.6739361707528,634.2529999999992,6113.7157999999945,435471.0
1652497679,100,,Aggregated,42.600000,0.000000,2000,2300,2500,2600,3000,3300,3600,3900,4500,6100,6100,7810,0,2000.0,2087.020634174129,634.2529999999992,6113.7157999999945,435471.0
1652497680,100,,Aggregated,41.300000,0.000000,2000,2300,2500,2600,3000,3300,3600,3900,4500,6100,6100,7850,0,2000.0,2087.570261108274,634.2529999999992,6113.7157999999945,435471.0
1652497681,100,,Aggregated,42.800000,0.000000,2000,2300,2500,2600,3000,3300,3600,3900,4500,6100,6100,7922,0,2000.0,2089.935877783382,634.2529999999992,6113.7157999999945,435471.0
1652497682,100,,Aggregated,40.600000,0.000000,2000,2300,2500,2600,3000,3300,3600,3900,4500,6100,6100,7969,0,2000.0,2087.3509856067194,634.2529999999992,6113.7157999999945,435471.0
1652497683,100,,Aggregated,40.600000,0.000000,2000,2300,2500,2600,2900,3300,3600,3900,4400,6100,6100,8044,0,2000.0,2086.5219581551405,634.2529999999992,6113.7157999999945,435471.0
1652497684,100,,Aggregated,42.700000,0.000000,2000,2300,2500,2600,2900,3300,3600,3900,4400,6100,6100,8077,0,2000.0,2083.7653528661585,634.2529999999992,6113.7157999999945,435471.0
1652497685,100,,Aggregated,40.900000,0.000000,2000,2300,2500,2600,2900,3300,3600,3900,4400,6100,6100,8118,0,2000.0,2082.7258006405473,634.2529999999992,6113.7157999999945,435471.0
1652497686,100,,Aggregated,47.200000,0.000000,2000,2300,2500,2600,2900,3300,3600,3900,4400,6100,6100,8160,0,2000.0,2084.5854396691134,634.2529999999992,6113.7157999999945,435471.0
1652497687,100,,Aggregated,46.700000,0.000000,2000,2300,2500,2600,3000,3300,3600,3900,4400,6100,6100,8238,0,2000.0,2084.5290023670727,634.2529999999992,6113.7157999999945,435471.0
1652497688,100,,Aggregated,45.200000,0.000000,2000,2300,2500,2600,3000,3300,3600,3900,4400,6100,6100,8278,0,2000.0,2081.9969403237437,634.2529999999992,6113.7157999999945,435471.0
1652497689,100,,Aggregated,47.100000,0.000000,2000,2300,2500,2600,2900,3300,3600,3900,4400,6100,6100,8351,0,2000.0,2080.7513306190817,634.2529999999992,6113.7157999999945,435471.0
1652497690,100,,Aggregated,49.700000,0.000000,2000,2300,2500,2600,2900,3300,3600,3900,4400,6100,6100,8387,0,2000.0,2078.8337037319593,634.2529999999992,6113.7157999999945,435471.0
1652497691,100,,Aggregated,48.300000,0.000000,2000,2300,2500,2600,2900,3300,3600,3900,4400,6100,6100,8426,0,2000.0,2077.6335463921114,634.2529999999992,6113.7157999999945,435471.0
1652497692,100,,Aggregated,52.400000,0.000000,2000,2300,2500,2600,3000,3300,3600,3900,4400,6100,6100,8501,0,2000.0,2080.30654620632,634.2529999999992,6113.7157999999945,435471.0
1652497693,100,,Aggregated,52.500000,0.000000,2000,2300,2500,2600,3000,3300,3600,3900,4400,6100,6100,8537,0,2000.0,2078.683348975042,634.2529999999992,6113.7157999999945,435471.0
1652497695,100,,Aggregated,48.800000,0.000000,2000,2300,2500,2600,2900,3300,3600,3900,4400,6100,6100,8609,0,2000.0,2077.6905955163134,634.2529999999992,6113.7157999999945,435471.0
1652497696,100,,Aggregated,47.800000,0.000000,2000,2300,2500,2600,2900,3300,3600,3900,4400,6100,6100,8652,0,2000.0,2076.124793851125,634.2529999999992,6113.7157999999945,435471.0
1652497697,100,,Aggregated,52.400000,0.000000,2000,2300,2500,2600,2900,3300,3600,3900,4400,6100,6100,8699,0,2000.0,2075.4254661110404,634.2529999999992,6113.7157999999945,435471.0
1652497698,100,,Aggregated,52.400000,0.000000,2000,2300,2500,2600,2900,3300,3600,3900,4400,6100,6100,8750,0,2000.0,2076.5757702399933,634.2529999999992,6113.7157999999945,435471.0
1652497699,100,,Aggregated,52.400000,0.000000,2000,2300,2500,2600,2900,3300,3600,3900,4400,6100,6100,8785,0,2000.0,2078.1349145019863,634.2529999999992,6113.7157999999945,435471.0
1652497700,100,,Aggregated,50.900000,0.000000,2000,2300,2500,2600,2900,3300,3600,3900,4400,6100,6100,8829,0,2000.0,2080.491591301387,634.2529999999992,6113.7157999999945,435471.0
1652497701,100,,Aggregated,48.200000,0.000000,2000,2300,2500,2600,2900,3300,3600,3900,4400,6100,6100,8874,0,2000.0,2081.777351622711,634.2529999999992,6113.7157999999945,435471.0
1652497702,100,,Aggregated,45.900000,0.000000,2000,2300,2500,2600,2900,3300,3600,3900,4400,6100,6100,8939,0,2000.0,2080.679543595476,634.2529999999992,6113.7157999999945,435471.0
1652497703,100,,Aggregated,47.300000,0.000000,2000,2300,2500,2600,2900,3300,3600,3900,4400,6100,6100,8994,0,2000.0,2078.6939275516957,634.2529999999992,6113.7157999999945,435471.0
1652497704,100,,Aggregated,49.700000,0.000000,2000,2300,2500,2600,2900,3300,3600,3900,4300,6100,6100,9037,0,2000.0,2077.334979960159,634.2529999999992,6113.7157999999945,435471.0
1652497705,100,,Aggregated,47.800000,0.000000,2000,2300,2500,2600,2900,3300,3600,3900,4300,6100,6100,9111,0,2000.0,2076.1667927011263,634.2529999999992,6113.7157999999945,435471.0
1652497706,100,,Aggregated,49.100000,0.000000,2000,2300,2500,2600,2900,3300,3600,3900,4300,6100,6100,9167,0,2000.0,2072.5336737209527,634.2529999999992,6113.7157999999945,435471.0
1652497707,100,,Aggregated,49.100000,0.000000,2000,2300,2500,2600,2900,3300,3600,3900,4300,6100,6100,9217,0,2000.0,2069.8759116849274,634.2529999999992,6113.7157999999945,435471.0
1652497708,100,,Aggregated,51.100000,0.000000,2000,2300,2500,2600,2900,3300,3600,3900,4300,6100,6100,9283,0,2000.0,2068.72471151567,634.2529999999992,6113.7157999999945,435471.0
1652497709,100,,Aggregated,51.100000,0.000000,2000,2300,2500,2600,2900,3300,3600,3900,4300,6100,6100,9353,0,2000.0,2066.343193852235,634.2529999999992,6113.7157999999945,435471.0
1652497710,100,,Aggregated,51.000000,0.000000,2000,2300,2500,2600,2900,3300,3600,3900,4300,6100,6100,9370,0,2000.0,2065.6249203735274,634.2529999999992,6113.7157999999945,435471.0
1652497711,100,,Aggregated,56.000000,0.000000,2000,2300,2500,2600,2900,3300,3600,3900,4300,6100,6100,9408,0,2000.0,2065.77325377338,634.2529999999992,6113.7157999999945,435471.0
1652497712,100,,Aggregated,54.300000,0.000000,2000,2300,2500,2600,2900,3300,3600,3900,4300,6100,6100,9469,0,2000.0,2069.372421184915,634.2529999999992,6113.7157999999945,435471.0
1652497713,100,,Aggregated,54.000000,0.000000,2000,2300,2500,2600,2900,3300,3600,3900,4300,6100,6100,9511,0,2000.0,2069.154111849433,634.2529999999992,6113.7157999999945,435471.0
1652497714,100,,Aggregated,53.000000,0.000000,2000,2300,2500,2600,2900,3300,3600,3900,4300,6100,6100,9570,0,2000.0,2069.681602079411,634.2529999999992,6113.7157999999945,435471.0
1652497715,100,,Aggregated,52.000000,0.000000,2000,2300,2500,2600,2900,3300,3600,3900,4300,6100,6100,9628,0,2000.0,2068.540433475277,634.2529999999992,6113.7157999999945,435471.0
1652497716,100,,Aggregated,50.000000,0.000000,2000,2300,2500,2600,2900,3300,3600,3900,4300,6100,6100,9647,0,2000.0,2068.040775681555,634.2529999999992,6113.7157999999945,435471.0
1652497717,100,,Aggregated,52.700000,0.000000,2000,2300,2500,2600,2900,3300,3600,3900,4300,6100,6100,9735,0,2000.0,2068.913906913197,634.2529999999992,6113.7157999999945,435471.0
1652497718,100,,Aggregated,46.700000,0.000000,2000,2300,2500,2600,2900,3300,3600,3900,4300,6100,6100,9769,0,2000.0,2065.986866956698,634.2529999999992,6113.7157999999945,435471.0
1652497719,100,,Aggregated,51.600000,0.000000,2000,2300,2500,2600,2900,3300,3600,3900,4300,6100,6100,9821,0,2000.0,2066.935406669381,634.2529999999992,6113.7157999999945,435471.0
1652497720,100,,Aggregated,50.800000,0.000000,2000,2300,2500,2600,2900,3200,3600,3800,4300,6100,6100,9913,0,2000.0,2064.384593644707,634.2529999999992,6113.7157999999945,435471.0
1652497721,100,,Aggregated,50.800000,0.000000,2000,2300,2500,2600,2900,3200,3600,3800,4300,6100,6100,9915,0,2000.0,2064.2597234594027,634.2529999999992,6113.7157999999945,435471.0
1652497722,100,,Aggregated,51.500000,0.000000,2000,2300,2500,2600,2900,3200,3600,3800,4200,5100,6100,10006,0,2000.0,2068.389310603634,634.2529999999992,6113.7157999999945,435471.0
1652497723,100,,Aggregated,51.300000,0.000000,2000,2300,2500,2600,2900,3200,3600,3800,4200,5100,6100,10039,0,2000.0,2066.3625832453395,515.8860999999888,6113.7157999999945,435471.0
1652497724,100,,Aggregated,46.400000,0.000000,2000,2300,2500,2600,2900,3200,3600,3800,4200,5100,6100,10093,0,2000.0,2064.335193807586,515.8860999999888,6113.7157999999945,435471.0
1652497725,100,,Aggregated,50.600000,0.000000,2000,2300,2500,2600,2900,3200,3600,3800,4200,5100,6100,10152,0,2000.0,2063.8295957545283,515.8860999999888,6113.7157999999945,435471.0
1652497726,100,,Aggregated,51.200000,0.000000,2000,2300,2500,2600,2900,3200,3600,3800,4200,5100,6100,10204,0,2000.0,2062.499354037629,515.8860999999888,6113.7157999999945,435471.0
1652497727,100,,Aggregated,46.700000,0.000000,2000,2300,2500,2600,2900,3200,3600,3800,4200,5100,6100,10253,0,2000.0,2061.418943304396,515.8860999999888,6113.7157999999945,435471.0
1652497729,100,,Aggregated,48.100000,0.000000,2000,2300,2500,2600,2900,3200,3600,3800,4200,5100,6100,10297,0,2000.0,2061.849928979312,515.8860999999888,6113.7157999999945,435471.0
1652497730,100,,Aggregated,48.100000,0.000000,2000,2300,2500,2600,2900,3200,3600,3800,4200,5100,6100,10365,0,2000.0,2063.14575616015,515.8860999999888,6113.7157999999945,435471.0
1652497731,100,,Aggregated,49.200000,0.000000,2000,2300,2500,2600,2900,3200,3600,3800,4200,5100,6100,10411,0,2000.0,2061.9283329747336,515.8860999999888,6113.7157999999945,435471.0
1652497732,100,,Aggregated,49.200000,0.000000,2000,2300,2500,2600,2900,3200,3600,3800,4200,5100,6100,10476,0,2000.0,2061.188758638789,515.8860999999888,6113.7157999999945,435471.0
1652497733,100,,Aggregated,46.100000,0.000000,2000,2300,2500,2600,2900,3200,3600,3800,4200,5100,6100,10518,0,2000.0,2058.7807923464493,515.8860999999888,6113.7157999999945,435471.0
1652497734,100,,Aggregated,55.900000,0.000000,2000,2300,2500,2600,2900,3200,3600,3800,4200,5100,6100,10585,0,2000.0,2061.2974393670233,515.8860999999888,6113.7157999999945,435471.0
1652497735,100,,Aggregated,48.900000,0.000000,2000,2300,2500,2600,2900,3200,3600,3800,4200,5100,6100,10631,0,2000.0,2059.4675407487484,515.8860999999888,6113.7157999999945,435471.0
1652497736,100,,Aggregated,48.900000,0.000000,2000,2300,2500,2600,2900,3200,3600,3800,4200,5100,6100,10663,0,2000.0,2058.718342614645,515.8860999999888,6113.7157999999945,435471.0
1652497737,100,,Aggregated,51.800000,0.000000,2000,2300,2500,2600,2900,3200,3600,3800,4200,5100,6100,10763,0,2000.0,2059.5517831366674,515.8860999999888,6113.7157999999945,435471.0
1652497738,100,,Aggregated,48.700000,0.000000,2000,2300,2500,2600,2900,3200,3600,3800,4200,5100,6100,10783,0,2000.0,2057.8292522767274,515.8860999999888,6113.7157999999945,435471.0
1652497739,100,,Aggregated,45.800000,0.000000,2000,2300,2500,2600,2900,3200,3600,3800,4200,5100,6100,10859,0,2000.0,2055.598623059209,515.8860999999888,6113.7157999999945,435471.0
1652497740,100,,Aggregated,51.100000,0.000000,2000,2300,2500,2600,2900,3200,3600,3800,4200,5100,6100,10916,0,2000.0,2054.4593340417687,515.8860999999888,6113.7157999999945,435471.0
1652497741,100,,Aggregated,52.900000,0.000000,2000,2300,2500,2600,2900,3200,3600,3800,4200,5100,6100,10962,0,2000.0,2053.1718500182405,515.8860999999888,6113.7157999999945,435471.0
1652497742,100,,Aggregated,51.200000,0.000000,2000,2300,2500,2600,2900,3200,3600,3800,4200,5100,6100,11005,0,2000.0,2053.6744699681926,515.8860999999888,6113.7157999999945,435471.0
1652497743,100,,Aggregated,54.500000,0.000000,2000,2300,2500,2600,2900,3200,3600,3800,4200,5100,6100,11051,0,2000.0,2053.9481601845955,515.8860999999888,6113.7157999999945,435471.0
1652497744,100,,Aggregated,49.100000,0.000000,2000,2300,2500,2600,2900,3200,3600,3800,4200,5100,6100,11115,0,2000.0,2053.975964624378,515.8860999999888,6113.7157999999945,435471.0
1652497745,100,,Aggregated,51.200000,0.000000,2000,2300,2500,2600,2900,3200,3600,3800,4200,5100,6100,11150,0,2000.0,2053.006512843046,515.8860999999888,6113.7157999999945,435471.0
1652497746,100,,Aggregated,52.900000,0.000000,2000,2300,2500,2600,2900,3200,3600,3800,4200,5100,6100,11188,0,2000.0,2054.3183195119746,515.8860999999888,6113.7157999999945,435471.0
1652497747,100,,Aggregated,50.700000,0.000000,2000,2300,2500,2600,2900,3200,3600,3800,4200,5100,6100,11250,0,2000.0,2055.0864110222205,515.8860999999888,6113.7157999999945,435471.0
1652497748,100,,Aggregated,51.200000,0.000000,2000,2300,2500,2600,2900,3200,3600,3800,4200,5100,6100,11269,0,2000.0,2054.4851817641297,515.8860999999888,6113.7157999999945,435471.0
1652497749,100,,Aggregated,52.500000,0.000000,2000,2300,2500,2600,2900,3200,3600,3800,4200,5100,6100,11368,0,2000.0,2057.7001590605196,515.8860999999888,6113.7157999999945,435471.0
1652497751,100,,Aggregated,47.600000,0.000000,2000,2300,2500,2600,2900,3200,3600,3800,4200,5100,6100,11389,0,2000.0,2056.0792552989715,515.8860999999888,6113.7157999999945,435471.0
1652497752,100,,Aggregated,49.100000,0.000000,2000,2300,2500,2600,2900,3200,3600,3800,4200,5100,6100,11484,0,2000.0,2054.316648362939,515.8860999999888,6113.7157999999945,435471.0
1652497753,100,,Aggregated,45.900000,0.000000,2000,2300,2500,2600,2900,3200,3600,3800,4200,5100,6100,11506,0,2000.0,2052.9894527463925,515.8860999999888,6113.7157999999945,435471.0
1652497754,100,,Aggregated,50.900000,0.000000,2000,2300,2500,2600,2900,3200,3600,3800,4200,5100,6100,11581,0,2000.0,2051.7609095846638,515.8860999999888,6113.7157999999945,435471.0
1652497755,100,,Aggregated,49.100000,0.000000,2000,2300,2500,2600,2900,3200,3600,3800,4200,5100,6100,11609,0,2000.0,2051.441814867774,515.8860999999888,6113.7157999999945,435471.0
1652497756,100,,Aggregated,50.100000,0.000000,2000,2300,2500,2600,2900,3200,3600,3800,4200,5100,6100,11658,0,2000.0,2051.311916160575,515.8860999999888,6113.7157999999945,435471.0
1652497757,100,,Aggregated,48.600000,0.000000,2000,2300,2500,2600,2900,3200,3600,3800,4200,5100,6100,11726,0,2000.0,2051.5450245608035,515.8860999999888,6113.7157999999945,435471.0
1652497758,100,,Aggregated,48.800000,0.000000,2000,2300,2500,2600,2900,3200,3500,3800,4200,5100,6100,11770,0,2000.0,2050.456005063719,515.8860999999888,6113.7157999999945,435471.0
1652497759,100,,Aggregated,53.300000,0.000000,2000,2300,2500,2600,2900,3200,3500,3700,4200,5100,6100,11842,0,2000.0,2050.5129793278124,515.8860999999888,6113.7157999999945,435471.0
1652497760,100,,Aggregated,50.000000,0.000000,2000,2300,2500,2600,2900,3200,3500,3700,4200,5100,6100,11874,0,2000.0,2049.06327965302,515.8860999999888,6113.7157999999945,435471.0
1652497761,100,,Aggregated,54.200000,0.000000,2000,2300,2500,2600,2900,3200,3500,3700,4200,5100,6100,11924,0,2000.0,2049.893556943974,515.8860999999888,6113.7157999999945,435471.0
1652497762,100,,Aggregated,49.600000,0.000000,2000,2300,2500,2600,2900,3200,3500,3700,4200,5100,6100,11990,0,2000.0,2049.68686546288,515.8860999999888,6113.7157999999945,435471.0
1652497763,100,,Aggregated,51.100000,0.000000,2000,2300,2500,2600,2900,3200,3500,3700,4200,5100,6100,12027,0,2000.0,2048.0363901388487,515.8860999999888,6113.7157999999945,435471.0
1652497764,100,,Aggregated,49.800000,0.000000,2000,2300,2500,2600,2900,3200,3500,3700,4200,5100,6100,12080,0,2000.0,2048.5499544288027,515.8860999999888,6113.7157999999945,435471.0
1652497765,100,,Aggregated,51.200000,0.000000,2000,2300,2500,2600,2900,3200,3500,3700,4200,5100,6100,12143,0,2000.0,2049.1557315902114,515.8860999999888,6113.7157999999945,435471.0
1652497766,100,,Aggregated,49.600000,0.000000,2000,2300,2500,2600,2900,3200,3500,3700,4200,5100,6100,12174,0,2000.0,2048.534194636105,515.8860999999888,6113.7157999999945,435471.0
1652497767,100,,Aggregated,50.400000,0.000000,2000,2300,2500,2600,2900,3200,3500,3700,4200,5100,6100,12239,0,2000.0,2049.300559588195,515.8860999999888,6113.7157999999945,435471.0
1652497768,100,,Aggregated,52.000000,0.000000,2000,2300,2500,2600,2900,3200,3500,3700,4200,5100,6100,12287,0,2000.0,2048.943519646774,515.8860999999888,6113.7157999999945,435471.0
1652497769,100,,Aggregated,47.300000,0.000000,2000,2300,2500,2600,2900,3200,3500,3700,4200,5100,6100,12330,0,2000.0,2048.0266077534397,515.8860999999888,6113.7157999999945,435471.0
1652497770,100,,Aggregated,50.900000,0.000000,2000,2300,2500,2600,2900,3200,3500,3700,4200,5100,6100,12381,0,2000.0,2048.919607067273,515.8860999999888,6113.7157999999945,435471.0
1652497771,100,,Aggregated,49.800000,0.000000,2000,2300,2500,2600,2900,3200,3500,3700,4200,5100,6100,12433,0,2000.0,2048.9456800289477,515.8860999999888,6113.7157999999945,435471.0
1652497772,100,,Aggregated,48.200000,0.000000,2000,2300,2500,2600,2900,3200,3500,3700,4200,5100,6100,12487,0,2000.0,2049.0675103867943,515.8860999999888,6113.7157999999945,435471.0
1652497773,100,,Aggregated,51.400000,0.000000,2000,2300,2500,2600,2900,3200,3500,3700,4200,5100,6100,12533,0,2000.0,2049.3048017234423,515.8860999999888,6113.7157999999945,435471.0
1652497774,100,,Aggregated,47.300000,0.000000,2000,2300,2500,2600,2900,3200,3500,3700,4200,5100,6100,12597,0,2000.0,2048.3766108835357,515.8860999999888,6113.7157999999945,435471.0
1652497775,100,,Aggregated,48.500000,0.000000,2000,2300,2400,2600,2900,3200,3500,3700,4200,5100,6100,12645,0,2000.0,2047.2563923052514,515.8860999999888,6113.7157999999945,435471.0
1652497776,100,,Aggregated,49.200000,0.000000,2000,2300,2400,2600,2900,3200,3500,3700,4200,5100,6100,12690,0,2000.0,2047.2656452955002,515.8860999999888,6113.7157999999945,435471.0
1652497777,100,,Aggregated,49.700000,0.000000,2000,2300,2400,2600,2900,3200,3500,3700,4200,5100,6100,12755,0,2000.0,2047.4733427204928,515.8860999999888,6113.7157999999945,435471.0
1652497778,100,,Aggregated,48.400000,0.000000,2000,2300,2400,2600,2900,3200,3500,3700,4200,5100,6100,12786,0,2000.0,2047.1998591506244,515.8860999999888,6113.7157999999945,435471.0
1652497780,100,,Aggregated,49.600000,0.000000,2000,2300,2400,2600,2900,3200,3500,3700,4200,5100,6100,12871,0,2000.0,2047.8912836453949,515.8860999999888,6113.7157999999945,435471.0
1652497781,100,,Aggregated,47.600000,0.000000,2000,2300,2400,2600,2900,3200,3500,3700,4200,5100,6100,12906,0,2000.0,2046.2557306369038,515.8860999999888,6113.7157999999945,435471.0
1652497782,100,,Aggregated,47.600000,0.000000,2000,2300,2400,2600,2900,3200,3500,3700,4200,5100,6100,12947,0,2000.0,2045.7972868618115,515.8860999999888,6113.7157999999945,435471.0
1652497783,100,,Aggregated,50.000000,0.000000,2000,2300,2400,2600,2900,3200,3500,3700,4200,5100,6100,13002,0,2000.0,2047.1656901399697,515.8860999999888,6113.7157999999945,435471.0
1652497784,100,,Aggregated,50.000000,0.000000,2000,2300,2400,2600,2900,3200,3500,3700,4200,5100,6100,13068,0,2000.0,2047.3216454545375,515.8860999999888,6113.7157999999945,435471.0
1652497785,100,,Aggregated,47.700000,0.000000,2000,2300,2400,2600,2900,3200,3500,3700,4200,5100,6100,13112,0,2000.0,2047.061495172354,515.8860999999888,6113.7157999999945,435471.0
1652497786,100,,Aggregated,51.500000,0.000000,2000,2300,2400,2600,2900,3200,3500,3700,4200,5100,6100,13183,0,2000.0,2046.6602649776153,515.8860999999888,6113.7157999999945,435471.0
1652497787,100,,Aggregated,46.600000,0.000000,2000,2300,2400,2600,2900,3200,3500,3700,4200,5100,6100,13263,0,2000.0,2045.4563507577398,515.8860999999888,6113.7157999999945,435471.0
1652497788,100,,Aggregated,52.700000,0.000000,2000,2300,2400,2600,2900,3200,3500,3700,4200,5100,6100,13303,0,2000.0,2044.1722483499898,515.8860999999888,6113.7157999999945,435471.0
1652497789,100,,Aggregated,49.900000,0.000000,2000,2300,2400,2600,2900,3200,3500,3700,4200,5100,6100,13347,0,2000.0,2043.091649704047,515.8860999999888,6113.7157999999945,435471.0
1652497790,100,,Aggregated,50.300000,0.000000,2000,2300,2400,2600,2900,3200,3500,3700,4200,5100,6100,13394,0,2000.0,2043.5875653576172,515.8860999999888,6113.7157999999945,435471.0
1652497791,100,,Aggregated,51.900000,0.000000,2000,2300,2400,2600,2900,3200,3500,3700,4200,5100,6100,13455,0,2000.0,2043.5618251950889,515.8860999999888,6113.7157999999945,435471.0
1652497793,100,,Aggregated,49.300000,0.000000,2000,2300,2400,2600,2900,3200,3500,3700,4200,5100,6100,13521,0,2000.0,2043.0045427187272,515.8860999999888,6113.7157999999945,435471.0
1652497794,100,,Aggregated,49.300000,0.000000,2000,2300,2400,2600,2900,3200,3500,3700,4200,5100,6100,13562,0,2000.0,2041.946552315286,515.8860999999888,6113.7157999999945,435471.0
1652497795,100,,Aggregated,53.000000,0.000000,2000,2300,2400,2600,2900,3200,3500,3700,4200,5100,6100,13625,0,2000.0,2041.9694884697194,515.8860999999888,6113.7157999999945,435471.0
1652497796,100,,Aggregated,50.000000,0.000000,2000,2300,2400,2600,2900,3200,3500,3700,4200,5100,6100,13681,0,2000.0,2042.80371670199,515.8860999999888,6113.7157999999945,435471.0
1652497797,100,,Aggregated,51.100000,0.000000,2000,2300,2400,2600,2900,3200,3500,3700,4200,5100,6100,13736,0,2000.0,2041.8337499126337,515.8860999999888,6113.7157999999945,435471.0
1652497798,100,,Aggregated,49.800000,0.000000,2000,2300,2400,2600,2900,3200,3500,3700,4200,5100,6100,13801,0,2000.0,2040.8504452358472,515.8860999999888,6113.7157999999945,435471.0
1652497799,100,,Aggregated,50.000000,0.000000,2000,2300,2400,2600,2900,3200,3500,3700,4200,5100,6100,13838,0,2000.0,2039.5967371296385,515.8860999999888,6113.7157999999945,435471.0
1652497800,100,,Aggregated,52.600000,0.000000,2000,2300,2400,2600,2900,3200,3500,3700,4200,5100,6100,13910,0,2000.0,2040.4242442199811,515.8860999999888,6113.7157999999945,435471.0
1652497801,100,,Aggregated,50.800000,0.000000,2000,2300,2400,2600,2900,3200,3500,3700,4200,5100,6100,13953,0,2000.0,2038.908842958499,515.8860999999888,6113.7157999999945,435471.0
1652497802,100,,Aggregated,50.100000,0.000000,2000,2300,2400,2600,2900,3200,3500,3700,4200,5100,6100,13994,0,2000.0,2037.8122273331385,515.8860999999888,6113.7157999999945,435471.0
1652497803,100,,Aggregated,54.200000,0.000000,2000,2300,2400,2600,2900,3200,3500,3700,4200,5100,6100,14059,0,2000.0,2039.1585512696456,515.8860999999888,6113.7157999999945,435471.0
1652497804,100,,Aggregated,50.800000,0.000000,2000,2300,2400,2600,2900,3200,3500,3700,4200,5100,6100,14117,0,2000.0,2038.5652376142211,515.8860999999888,6113.7157999999945,435471.0
1652497805,100,,Aggregated,50.700000,0.000000,2000,2300,2400,2600,2900,3200,3500,3700,4200,5100,6100,14167,0,2000.0,2037.4126962306748,515.8860999999888,6113.7157999999945,435471.0
